name,email,subject,message
Akashf,akash@gmail.comf,Test fdf,Hello how are you ?dfasd
Akashf,akash@gmail.comf,Test fdf,Hello how are you ?dfasd
Akashf,akash@gmail.comf,Test fdf,Hello how are you ?dfasd
Akashf,akash@gmail.comf,Test fdf,Hello how are you ?dfasd
Akashf,akash@gmail.comf,Test fdf,Hello how are you ?dfasd
Akashf,akash@gmail.comf,Test fdf,Hello how are you ?dfasd
Akashf,akash@gmail.comf,Test fdf,Hello how are you ?dfasd
Akashf,akash@gmail.comf,Test fdf,Hello how are you ?dfasd
Akashf,akash@gmail.comf,Test fdf,Hello how are you ?dfasd
Akash More,Akash@gmail.comlkslkdjflaksjdlj,Hello friends,"Hello 
how are you 
are you interested to work with us!!!"
asdfasdf,asdf@gasd,dfasd,dfasdfasd
asdfasdf,asdf@gasd,dfasd,dfasdfasd
asdfasdf,asdf@gasd,dfasd,dfasdfasd
asdfasdf,asdf@gasd,dfasd,dfasdfasd
fsadf,fdasdfasd@dfasd,fasdfasdf,asdfasdf
,,,
Akash More,Akashmore@gmail.com,Hello ,Are you interested to work with us !!!
